Country Name,Country Code,Series Name,Series Code,1999 [YR1999],2000 [YR2000],2001 [YR2001],2002 [YR2002],2003 [YR2003],2004 [YR2004],2005 [YR2005],2006 [YR2006],2007 [YR2007],2008 [YR2008],2009 [YR2009],2010 [YR2010],2011 [YR2011],2012 [YR2012],2013 [YR2013]
Albania,ALB,"Malnourished children (stunting, -2SD) (% of children under 5): Q1 (lowest)",SH.STA.STNT.Q1.ZS,..,..,..,..,..,..,..,..,..,..,27,..,..,..,..
Albania,ALB,"Malnourished children (stunting, -2SD) (% of children under 5): Q2",SH.STA.STNT.Q2.ZS,..,..,..,..,..,..,..,..,..,..,15.4,..,..,..,..
Albania,ALB,"Malnourished children (stunting, -2SD) (% of children under 5): Q3",SH.STA.STNT.Q3.ZS,..,..,..,..,..,..,..,..,..,..,18.9,..,..,..,..
Albania,ALB,"Malnourished children (stunting, -2SD) (% of children under 5): Q4",SH.STA.STNT.Q4.ZS,..,..,..,..,..,..,..,..,..,..,20.6,..,..,..,..
Albania,ALB,"Malnourished children (stunting, -2SD) (% of children under 5): Q5 (highest)",SH.STA.STNT.Q5.ZS,..,..,..,..,..,..,..,..,..,..,13.3,..,..,..,..
Armenia,ARM,"Malnourished children (stunting, -2SD) (% of children under 5): Q1 (lowest)",SH.STA.STNT.Q1.ZS,..,..,..,..,..,..,19.5,..,..,..,..,26.2,..,..,..
Armenia,ARM,"Malnourished children (stunting, -2SD) (% of children under 5): Q2",SH.STA.STNT.Q2.ZS,..,..,..,..,..,..,9.6,..,..,..,..,16,..,..,..
Armenia,ARM,"Malnourished children (stunting, -2SD) (% of children under 5): Q3",SH.STA.STNT.Q3.ZS,..,..,..,..,..,..,16.3,..,..,..,..,19.3,..,..,..
Armenia,ARM,"Malnourished children (stunting, -2SD) (% of children under 5): Q4",SH.STA.STNT.Q4.ZS,..,..,..,..,..,..,25.7,..,..,..,..,16.3,..,..,..
Armenia,ARM,"Malnourished children (stunting, -2SD) (% of children under 5): Q5 (highest)",SH.STA.STNT.Q5.ZS,..,..,..,..,..,..,18.4,..,..,..,..,18.6,..,..,..
Azerbaijan,AZE,"Malnourished children (stunting, -2SD) (% of children under 5): Q1 (lowest)",SH.STA.STNT.Q1.ZS,..,..,..,..,..,..,..,33.2,..,..,..,..,..,..,..
Azerbaijan,AZE,"Malnourished children (stunting, -2SD) (% of children under 5): Q2",SH.STA.STNT.Q2.ZS,..,..,..,..,..,..,..,30.5,..,..,..,..,..,..,..
Azerbaijan,AZE,"Malnourished children (stunting, -2SD) (% of children under 5): Q3",SH.STA.STNT.Q3.ZS,..,..,..,..,..,..,..,25.7,..,..,..,..,..,..,..
Azerbaijan,AZE,"Malnourished children (stunting, -2SD) (% of children under 5): Q4",SH.STA.STNT.Q4.ZS,..,..,..,..,..,..,..,14.9,..,..,..,..,..,..,..
Azerbaijan,AZE,"Malnourished children (stunting, -2SD) (% of children under 5): Q5 (highest)",SH.STA.STNT.Q5.ZS,..,..,..,..,..,..,..,15.2,..,..,..,..,..,..,..
Bangladesh,BGD,"Malnourished children (stunting, -2SD) (% of children under 5): Q1 (lowest)",SH.STA.STNT.Q1.ZS,..,..,..,..,..,62.2,..,..,54,..,..,..,53.7,..,..
Bangladesh,BGD,"Malnourished children (stunting, -2SD) (% of children under 5): Q2",SH.STA.STNT.Q2.ZS,..,..,..,..,..,54.8,..,..,50.7,..,..,..,45.4,..,..
Bangladesh,BGD,"Malnourished children (stunting, -2SD) (% of children under 5): Q3",SH.STA.STNT.Q3.ZS,..,..,..,..,..,49.9,..,..,42,..,..,..,40.7,..,..
Bangladesh,BGD,"Malnourished children (stunting, -2SD) (% of children under 5): Q4",SH.STA.STNT.Q4.ZS,..,..,..,..,..,48.3,..,..,38.7,..,..,..,35.9,..,..
Bangladesh,BGD,"Malnourished children (stunting, -2SD) (% of children under 5): Q5 (highest)",SH.STA.STNT.Q5.ZS,..,..,..,..,..,30.5,..,..,26.3,..,..,..,25.7,..,..
Barbados,BRB,"Malnourished children (stunting, -2SD) (% of children under 5): Q1 (lowest)",SH.STA.STNT.Q1.ZS,..,..,..,..,..,..,..,..,..,..,..,..,..,7.5,..
Barbados,BRB,"Malnourished children (stunting, -2SD) (% of children under 5): Q2",SH.STA.STNT.Q2.ZS,..,..,..,..,..,..,..,..,..,..,..,..,..,8.6,..
Barbados,BRB,"Malnourished children (stunting, -2SD) (% of children under 5): Q3",SH.STA.STNT.Q3.ZS,..,..,..,..,..,..,..,..,..,..,..,..,..,7.9,..
Barbados,BRB,"Malnourished children (stunting, -2SD) (% of children under 5): Q4",SH.STA.STNT.Q4.ZS,..,..,..,..,..,..,..,..,..,..,..,..,..,10,..
Barbados,BRB,"Malnourished children (stunting, -2SD) (% of children under 5): Q5 (highest)",SH.STA.STNT.Q5.ZS,..,..,..,..,..,..,..,..,..,..,..,..,..,3.1,..
Belize,BLZ,"Malnourished children (stunting, -2SD) (% of children under 5): Q1 (lowest)",SH.STA.STNT.Q1.ZS,..,..,..,..,..,..,..,..,..,..,..,..,32.9,..,..
Belize,BLZ,"Malnourished children (stunting, -2SD) (% of children under 5): Q2",SH.STA.STNT.Q2.ZS,..,..,..,..,..,..,..,..,..,..,..,..,21.5,..,..
Belize,BLZ,"Malnourished children (stunting, -2SD) (% of children under 5): Q3",SH.STA.STNT.Q3.ZS,..,..,..,..,..,..,..,..,..,..,..,..,12.3,..,..
Belize,BLZ,"Malnourished children (stunting, -2SD) (% of children under 5): Q4",SH.STA.STNT.Q4.ZS,..,..,..,..,..,..,..,..,..,..,..,..,11.8,..,..
Belize,BLZ,"Malnourished children (stunting, -2SD) (% of children under 5): Q5 (highest)",SH.STA.STNT.Q5.ZS,..,..,..,..,..,..,..,..,..,..,..,..,9,..,..
Benin,BEN,"Malnourished children (stunting, -2SD) (% of children under 5): Q1 (lowest)",SH.STA.STNT.Q1.ZS,..,..,42.5,..,..,..,..,49.5,..,..,..,..,..,..,..
Benin,BEN,"Malnourished children (stunting, -2SD) (% of children under 5): Q2",SH.STA.STNT.Q2.ZS,..,..,41.8,..,..,..,..,48.3,..,..,..,..,..,..,..
Benin,BEN,"Malnourished children (stunting, -2SD) (% of children under 5): Q3",SH.STA.STNT.Q3.ZS,..,..,37.5,..,..,..,..,47.2,..,..,..,..,..,..,..
Benin,BEN,"Malnourished children (stunting, -2SD) (% of children under 5): Q4",SH.STA.STNT.Q4.ZS,..,..,33.6,..,..,..,..,39.2,..,..,..,..,..,..,..
Benin,BEN,"Malnourished children (stunting, -2SD) (% of children under 5): Q5 (highest)",SH.STA.STNT.Q5.ZS,..,..,23.5,..,..,..,..,28.8,..,..,..,..,..,..,..
Bhutan,BTN,"Malnourished children (stunting, -2SD) (% of children under 5): Q1 (lowest)",SH.STA.STNT.Q1.ZS,..,..,..,..,..,..,..,..,..,..,..,41.4,..,..,..
Bhutan,BTN,"Malnourished children (stunting, -2SD) (% of children under 5): Q2",SH.STA.STNT.Q2.ZS,..,..,..,..,..,..,..,..,..,..,..,39.9,..,..,..
Bhutan,BTN,"Malnourished children (stunting, -2SD) (% of children under 5): Q3",SH.STA.STNT.Q3.ZS,..,..,..,..,..,..,..,..,..,..,..,38.4,..,..,..
Bhutan,BTN,"Malnourished children (stunting, -2SD) (% of children under 5): Q4",SH.STA.STNT.Q4.ZS,..,..,..,..,..,..,..,..,..,..,..,27.6,..,..,..
Bhutan,BTN,"Malnourished children (stunting, -2SD) (% of children under 5): Q5 (highest)",SH.STA.STNT.Q5.ZS,..,..,..,..,..,..,..,..,..,..,..,21.4,..,..,..
Bolivia,BOL,"Malnourished children (stunting, -2SD) (% of children under 5): Q1 (lowest)",SH.STA.STNT.Q1.ZS,..,..,..,..,48.7,..,..,..,..,45.9,..,..,..,..,..
Bolivia,BOL,"Malnourished children (stunting, -2SD) (% of children under 5): Q2",SH.STA.STNT.Q2.ZS,..,..,..,..,42,..,..,..,..,34.2,..,..,..,..,..
Bolivia,BOL,"Malnourished children (stunting, -2SD) (% of children under 5): Q3",SH.STA.STNT.Q3.ZS,..,..,..,..,27.8,..,..,..,..,21.6,..,..,..,..,..
Bolivia,BOL,"Malnourished children (stunting, -2SD) (% of children under 5): Q4",SH.STA.STNT.Q4.ZS,..,..,..,..,18.6,..,..,..,..,14,..,..,..,..,..
Bolivia,BOL,"Malnourished children (stunting, -2SD) (% of children under 5): Q5 (highest)",SH.STA.STNT.Q5.ZS,..,..,..,..,8.5,..,..,..,..,6.5,..,..,..,..,..
Burkina Faso,BFA,"Malnourished children (stunting, -2SD) (% of children under 5): Q1 (lowest)",SH.STA.STNT.Q1.ZS,..,..,..,..,50.3,..,..,..,..,..,..,41.9,..,..,..
Burkina Faso,BFA,"Malnourished children (stunting, -2SD) (% of children under 5): Q2",SH.STA.STNT.Q2.ZS,..,..,..,..,45.9,..,..,..,..,..,..,37,..,..,..
Burkina Faso,BFA,"Malnourished children (stunting, -2SD) (% of children under 5): Q3",SH.STA.STNT.Q3.ZS,..,..,..,..,47,..,..,..,..,..,..,37.6,..,..,..
Burkina Faso,BFA,"Malnourished children (stunting, -2SD) (% of children under 5): Q4",SH.STA.STNT.Q4.ZS,..,..,..,..,42.9,..,..,..,..,..,..,33.2,..,..,..
Burkina Faso,BFA,"Malnourished children (stunting, -2SD) (% of children under 5): Q5 (highest)",SH.STA.STNT.Q5.ZS,..,..,..,..,25.7,..,..,..,..,..,..,18.6,..,..,..
Burundi,BDI,"Malnourished children (stunting, -2SD) (% of children under 5): Q1 (lowest)",SH.STA.STNT.Q1.ZS,..,..,..,..,..,..,..,..,..,..,..,70,..,..,..
Burundi,BDI,"Malnourished children (stunting, -2SD) (% of children under 5): Q2",SH.STA.STNT.Q2.ZS,..,..,..,..,..,..,..,..,..,..,..,59.1,..,..,..
Burundi,BDI,"Malnourished children (stunting, -2SD) (% of children under 5): Q3",SH.STA.STNT.Q3.ZS,..,..,..,..,..,..,..,..,..,..,..,59.8,..,..,..
Burundi,BDI,"Malnourished children (stunting, -2SD) (% of children under 5): Q4",SH.STA.STNT.Q4.ZS,..,..,..,..,..,..,..,..,..,..,..,56.5,..,..,..
Burundi,BDI,"Malnourished children (stunting, -2SD) (% of children under 5): Q5 (highest)",SH.STA.STNT.Q5.ZS,..,..,..,..,..,..,..,..,..,..,..,41.4,..,..,..
Cambodia,KHM,"Malnourished children (stunting, -2SD) (% of children under 5): Q1 (lowest)",SH.STA.STNT.Q1.ZS,..,58,..,..,..,..,52.1,..,..,..,..,51.1,..,..,..
Cambodia,KHM,"Malnourished children (stunting, -2SD) (% of children under 5): Q2",SH.STA.STNT.Q2.ZS,..,53,..,..,..,..,48.5,..,..,..,..,44.4,..,..,..
Cambodia,KHM,"Malnourished children (stunting, -2SD) (% of children under 5): Q3",SH.STA.STNT.Q3.ZS,..,47.9,..,..,..,..,44.1,..,..,..,..,39.3,..,..,..
Cambodia,KHM,"Malnourished children (stunting, -2SD) (% of children under 5): Q4",SH.STA.STNT.Q4.ZS,..,48.6,..,..,..,..,38.2,..,..,..,..,34.2,..,..,..
Cambodia,KHM,"Malnourished children (stunting, -2SD) (% of children under 5): Q5 (highest)",SH.STA.STNT.Q5.ZS,..,32.8,..,..,..,..,24.4,..,..,..,..,23.1,..,..,..
Cameroon,CMR,"Malnourished children (stunting, -2SD) (% of children under 5): Q1 (lowest)",SH.STA.STNT.Q1.ZS,..,..,..,..,..,44.4,..,..,..,..,..,..,48.6,..,..
Cameroon,CMR,"Malnourished children (stunting, -2SD) (% of children under 5): Q2",SH.STA.STNT.Q2.ZS,..,..,..,..,..,40.1,..,..,..,..,..,..,42,..,..
Cameroon,CMR,"Malnourished children (stunting, -2SD) (% of children under 5): Q3",SH.STA.STNT.Q3.ZS,..,..,..,..,..,39.8,..,..,..,..,..,..,31,..,..
Cameroon,CMR,"Malnourished children (stunting, -2SD) (% of children under 5): Q4",SH.STA.STNT.Q4.ZS,..,..,..,..,..,28.7,..,..,..,..,..,..,22.8,..,..
Cameroon,CMR,"Malnourished children (stunting, -2SD) (% of children under 5): Q5 (highest)",SH.STA.STNT.Q5.ZS,..,..,..,..,..,15.4,..,..,..,..,..,..,12.3,..,..
Central African Republic,CAF,"Malnourished children (stunting, -2SD) (% of children under 5): Q1 (lowest)",SH.STA.STNT.Q1.ZS,..,..,..,..,..,..,..,..,..,..,..,45.3,..,..,..
Central African Republic,CAF,"Malnourished children (stunting, -2SD) (% of children under 5): Q2",SH.STA.STNT.Q2.ZS,..,..,..,..,..,..,..,..,..,..,..,44.7,..,..,..
Central African Republic,CAF,"Malnourished children (stunting, -2SD) (% of children under 5): Q3",SH.STA.STNT.Q3.ZS,..,..,..,..,..,..,..,..,..,..,..,41.4,..,..,..
Central African Republic,CAF,"Malnourished children (stunting, -2SD) (% of children under 5): Q4",SH.STA.STNT.Q4.ZS,..,..,..,..,..,..,..,..,..,..,..,39.4,..,..,..
Central African Republic,CAF,"Malnourished children (stunting, -2SD) (% of children under 5): Q5 (highest)",SH.STA.STNT.Q5.ZS,..,..,..,..,..,..,..,..,..,..,..,30.3,..,..,..
Chad,TCD,"Malnourished children (stunting, -2SD) (% of children under 5): Q1 (lowest)",SH.STA.STNT.Q1.ZS,..,..,..,..,..,..,..,..,..,..,..,38.3,..,..,..
Chad,TCD,"Malnourished children (stunting, -2SD) (% of children under 5): Q2",SH.STA.STNT.Q2.ZS,..,..,..,..,..,..,..,..,..,..,..,42.7,..,..,..
Chad,TCD,"Malnourished children (stunting, -2SD) (% of children under 5): Q3",SH.STA.STNT.Q3.ZS,..,..,..,..,..,..,..,..,..,..,..,41.3,..,..,..
Chad,TCD,"Malnourished children (stunting, -2SD) (% of children under 5): Q4",SH.STA.STNT.Q4.ZS,..,..,..,..,..,..,..,..,..,..,..,40.8,..,..,..
Chad,TCD,"Malnourished children (stunting, -2SD) (% of children under 5): Q5 (highest)",SH.STA.STNT.Q5.ZS,..,..,..,..,..,..,..,..,..,..,..,29.7,..,..,..
Colombia,COL,"Malnourished children (stunting, -2SD) (% of children under 5): Q1 (lowest)",SH.STA.STNT.Q1.ZS,..,..,..,..,..,..,25.2,..,..,..,..,19.4,..,..,..
Colombia,COL,"Malnourished children (stunting, -2SD) (% of children under 5): Q2",SH.STA.STNT.Q2.ZS,..,..,..,..,..,..,16.9,..,..,..,..,13.2,..,..,..
Colombia,COL,"Malnourished children (stunting, -2SD) (% of children under 5): Q3",SH.STA.STNT.Q3.ZS,..,..,..,..,..,..,13.2,..,..,..,..,11.8,..,..,..
Colombia,COL,"Malnourished children (stunting, -2SD) (% of children under 5): Q4",SH.STA.STNT.Q4.ZS,..,..,..,..,..,..,10.6,..,..,..,..,9.8,..,..,..
Colombia,COL,"Malnourished children (stunting, -2SD) (% of children under 5): Q5 (highest)",SH.STA.STNT.Q5.ZS,..,..,..,..,..,..,5.2,..,..,..,..,6.8,..,..,..
Comoros,COM,"Malnourished children (stunting, -2SD) (% of children under 5): Q1 (lowest)",SH.STA.STNT.Q1.ZS,..,..,..,..,..,..,..,..,..,..,..,..,..,38.2,..
Comoros,COM,"Malnourished children (stunting, -2SD) (% of children under 5): Q2",SH.STA.STNT.Q2.ZS,..,..,..,..,..,..,..,..,..,..,..,..,..,32.5,..
Comoros,COM,"Malnourished children (stunting, -2SD) (% of children under 5): Q3",SH.STA.STNT.Q3.ZS,..,..,..,..,..,..,..,..,..,..,..,..,..,25.9,..
Comoros,COM,"Malnourished children (stunting, -2SD) (% of children under 5): Q4",SH.STA.STNT.Q4.ZS,..,..,..,..,..,..,..,..,..,..,..,..,..,27,..
Comoros,COM,"Malnourished children (stunting, -2SD) (% of children under 5): Q5 (highest)",SH.STA.STNT.Q5.ZS,..,..,..,..,..,..,..,..,..,..,..,..,..,21.9,..
"Congo, Dem. Rep.",ZAR,"Malnourished children (stunting, -2SD) (% of children under 5): Q1 (lowest)",SH.STA.STNT.Q1.ZS,..,..,..,..,..,..,..,..,46.6,..,..,..,46.9,..,..
"Congo, Dem. Rep.",ZAR,"Malnourished children (stunting, -2SD) (% of children under 5): Q2",SH.STA.STNT.Q2.ZS,..,..,..,..,..,..,..,..,48.7,..,..,..,47.4,..,..
"Congo, Dem. Rep.",ZAR,"Malnourished children (stunting, -2SD) (% of children under 5): Q3",SH.STA.STNT.Q3.ZS,..,..,..,..,..,..,..,..,53.1,..,..,..,48.3,..,..
"Congo, Dem. Rep.",ZAR,"Malnourished children (stunting, -2SD) (% of children under 5): Q4",SH.STA.STNT.Q4.ZS,..,..,..,..,..,..,..,..,48.2,..,..,..,44.5,..,..
"Congo, Dem. Rep.",ZAR,"Malnourished children (stunting, -2SD) (% of children under 5): Q5 (highest)",SH.STA.STNT.Q5.ZS,..,..,..,..,..,..,..,..,25.8,..,..,..,26.4,..,..
"Congo, Rep.",COG,"Malnourished children (stunting, -2SD) (% of children under 5): Q1 (lowest)",SH.STA.STNT.Q1.ZS,..,..,..,..,..,..,37.4,..,..,..,..,..,..,..,..
"Congo, Rep.",COG,"Malnourished children (stunting, -2SD) (% of children under 5): Q2",SH.STA.STNT.Q2.ZS,..,..,..,..,..,..,31.4,..,..,..,..,..,..,..,..
"Congo, Rep.",COG,"Malnourished children (stunting, -2SD) (% of children under 5): Q3",SH.STA.STNT.Q3.ZS,..,..,..,..,..,..,29.6,..,..,..,..,..,..,..,..
"Congo, Rep.",COG,"Malnourished children (stunting, -2SD) (% of children under 5): Q4",SH.STA.STNT.Q4.ZS,..,..,..,..,..,..,27.6,..,..,..,..,..,..,..,..
"Congo, Rep.",COG,"Malnourished children (stunting, -2SD) (% of children under 5): Q5 (highest)",SH.STA.STNT.Q5.ZS,..,..,..,..,..,..,24.8,..,..,..,..,..,..,..,..
Cote d'Ivoire,CIV,"Malnourished children (stunting, -2SD) (% of children under 5): Q1 (lowest)",SH.STA.STNT.Q1.ZS,..,..,..,..,..,..,..,..,..,..,..,..,..,38.4,..
Cote d'Ivoire,CIV,"Malnourished children (stunting, -2SD) (% of children under 5): Q2",SH.STA.STNT.Q2.ZS,..,..,..,..,..,..,..,..,..,..,..,..,..,35.5,..
Cote d'Ivoire,CIV,"Malnourished children (stunting, -2SD) (% of children under 5): Q3",SH.STA.STNT.Q3.ZS,..,..,..,..,..,..,..,..,..,..,..,..,..,27.7,..
Cote d'Ivoire,CIV,"Malnourished children (stunting, -2SD) (% of children under 5): Q4",SH.STA.STNT.Q4.ZS,..,..,..,..,..,..,..,..,..,..,..,..,..,24.2,..
Cote d'Ivoire,CIV,"Malnourished children (stunting, -2SD) (% of children under 5): Q5 (highest)",SH.STA.STNT.Q5.ZS,..,..,..,..,..,..,..,..,..,..,..,..,..,15.5,..
Dominican Republic,DOM,"Malnourished children (stunting, -2SD) (% of children under 5): Q1 (lowest)",SH.STA.STNT.Q1.ZS,..,..,..,19.1,..,..,..,..,15.8,..,..,..,..,..,11.3
Dominican Republic,DOM,"Malnourished children (stunting, -2SD) (% of children under 5): Q2",SH.STA.STNT.Q2.ZS,..,..,..,12.5,..,..,..,..,10.8,..,..,..,..,..,8.8
Dominican Republic,DOM,"Malnourished children (stunting, -2SD) (% of children under 5): Q3",SH.STA.STNT.Q3.ZS,..,..,..,10,..,..,..,..,7.3,..,..,..,..,..,3.9
Dominican Republic,DOM,"Malnourished children (stunting, -2SD) (% of children under 5): Q4",SH.STA.STNT.Q4.ZS,..,..,..,7.3,..,..,..,..,6.9,..,..,..,..,..,4.9
Dominican Republic,DOM,"Malnourished children (stunting, -2SD) (% of children under 5): Q5 (highest)",SH.STA.STNT.Q5.ZS,..,..,..,4.6,..,..,..,..,4.7,..,..,..,..,..,3.9
"Egypt, Arab Rep.",EGY,"Malnourished children (stunting, -2SD) (% of children under 5): Q1 (lowest)",SH.STA.STNT.Q1.ZS,..,31.3,..,..,..,..,30.2,..,..,29.5,..,..,..,..,..
"Egypt, Arab Rep.",EGY,"Malnourished children (stunting, -2SD) (% of children under 5): Q2",SH.STA.STNT.Q2.ZS,..,26.6,..,..,..,..,24.1,..,..,30.5,..,..,..,..,..
"Egypt, Arab Rep.",EGY,"Malnourished children (stunting, -2SD) (% of children under 5): Q3",SH.STA.STNT.Q3.ZS,..,24,..,..,..,..,22.7,..,..,27.3,..,..,..,..,..
"Egypt, Arab Rep.",EGY,"Malnourished children (stunting, -2SD) (% of children under 5): Q4",SH.STA.STNT.Q4.ZS,..,19.7,..,..,..,..,18.8,..,..,30.3,..,..,..,..,..
"Egypt, Arab Rep.",EGY,"Malnourished children (stunting, -2SD) (% of children under 5): Q5 (highest)",SH.STA.STNT.Q5.ZS,..,14.9,..,..,..,..,17.6,..,..,26.9,..,..,..,..,..
Eritrea,ERI,"Malnourished children (stunting, -2SD) (% of children under 5): Q1 (lowest)",SH.STA.STNT.Q1.ZS,..,..,..,50.1,..,..,..,..,..,..,..,..,..,..,..
Eritrea,ERI,"Malnourished children (stunting, -2SD) (% of children under 5): Q2",SH.STA.STNT.Q2.ZS,..,..,..,50.3,..,..,..,..,..,..,..,..,..,..,..
Eritrea,ERI,"Malnourished children (stunting, -2SD) (% of children under 5): Q3",SH.STA.STNT.Q3.ZS,..,..,..,48.5,..,..,..,..,..,..,..,..,..,..,..
Eritrea,ERI,"Malnourished children (stunting, -2SD) (% of children under 5): Q4",SH.STA.STNT.Q4.ZS,..,..,..,39.2,..,..,..,..,..,..,..,..,..,..,..
Eritrea,ERI,"Malnourished children (stunting, -2SD) (% of children under 5): Q5 (highest)",SH.STA.STNT.Q5.ZS,..,..,..,21,..,..,..,..,..,..,..,..,..,..,..
Ethiopia,ETH,"Malnourished children (stunting, -2SD) (% of children under 5): Q1 (lowest)",SH.STA.STNT.Q1.ZS,..,60.6,..,..,..,..,52.3,..,..,..,..,..,49.2,..,..
Ethiopia,ETH,"Malnourished children (stunting, -2SD) (% of children under 5): Q2",SH.STA.STNT.Q2.ZS,..,59.9,..,..,..,..,55.3,..,..,..,..,..,47.7,..,..
Ethiopia,ETH,"Malnourished children (stunting, -2SD) (% of children under 5): Q3",SH.STA.STNT.Q3.ZS,..,60.4,..,..,..,..,52.3,..,..,..,..,..,45.6,..,..
Ethiopia,ETH,"Malnourished children (stunting, -2SD) (% of children under 5): Q4",SH.STA.STNT.Q4.ZS,..,56.7,..,..,..,..,51.4,..,..,..,..,..,45,..,..
Ethiopia,ETH,"Malnourished children (stunting, -2SD) (% of children under 5): Q5 (highest)",SH.STA.STNT.Q5.ZS,..,48.5,..,..,..,..,39.6,..,..,..,..,..,29.7,..,..
Gabon,GAB,"Malnourished children (stunting, -2SD) (% of children under 5): Q1 (lowest)",SH.STA.STNT.Q1.ZS,..,..,..,..,..,..,..,..,..,..,..,..,..,29.9,..
Gabon,GAB,"Malnourished children (stunting, -2SD) (% of children under 5): Q2",SH.STA.STNT.Q2.ZS,..,..,..,..,..,..,..,..,..,..,..,..,..,18.8,..
Gabon,GAB,"Malnourished children (stunting, -2SD) (% of children under 5): Q3",SH.STA.STNT.Q3.ZS,..,..,..,..,..,..,..,..,..,..,..,..,..,12.3,..
Gabon,GAB,"Malnourished children (stunting, -2SD) (% of children under 5): Q4",SH.STA.STNT.Q4.ZS,..,..,..,..,..,..,..,..,..,..,..,..,..,11.9,..
Gabon,GAB,"Malnourished children (stunting, -2SD) (% of children under 5): Q5 (highest)",SH.STA.STNT.Q5.ZS,..,..,..,..,..,..,..,..,..,..,..,..,..,5.8,..
"Gambia, The",GMB,"Malnourished children (stunting, -2SD) (% of children under 5): Q1 (lowest)",SH.STA.STNT.Q1.ZS,..,..,..,..,..,..,..,..,..,..,..,31.2,..,..,..
"Gambia, The",GMB,"Malnourished children (stunting, -2SD) (% of children under 5): Q2",SH.STA.STNT.Q2.ZS,..,..,..,..,..,..,..,..,..,..,..,26.3,..,..,..
"Gambia, The",GMB,"Malnourished children (stunting, -2SD) (% of children under 5): Q3",SH.STA.STNT.Q3.ZS,..,..,..,..,..,..,..,..,..,..,..,24.2,..,..,..
"Gambia, The",GMB,"Malnourished children (stunting, -2SD) (% of children under 5): Q4",SH.STA.STNT.Q4.ZS,..,..,..,..,..,..,..,..,..,..,..,21.7,..,..,..
"Gambia, The",GMB,"Malnourished children (stunting, -2SD) (% of children under 5): Q5 (highest)",SH.STA.STNT.Q5.ZS,..,..,..,..,..,..,..,..,..,..,..,11.8,..,..,..
Ghana,GHA,"Malnourished children (stunting, -2SD) (% of children under 5): Q1 (lowest)",SH.STA.STNT.Q1.ZS,..,..,..,..,47.7,..,..,..,..,35.1,..,..,33.2,..,..
Ghana,GHA,"Malnourished children (stunting, -2SD) (% of children under 5): Q2",SH.STA.STNT.Q2.ZS,..,..,..,..,36.7,..,..,..,..,34.1,..,..,26.7,..,..
Ghana,GHA,"Malnourished children (stunting, -2SD) (% of children under 5): Q3",SH.STA.STNT.Q3.ZS,..,..,..,..,37.9,..,..,..,..,28.3,..,..,22.8,..,..
Ghana,GHA,"Malnourished children (stunting, -2SD) (% of children under 5): Q4",SH.STA.STNT.Q4.ZS,..,..,..,..,29.4,..,..,..,..,21.4,..,..,15.8,..,..
Ghana,GHA,"Malnourished children (stunting, -2SD) (% of children under 5): Q5 (highest)",SH.STA.STNT.Q5.ZS,..,..,..,..,16.4,..,..,..,..,14.4,..,..,11.6,..,..
Guinea,GIN,"Malnourished children (stunting, -2SD) (% of children under 5): Q1 (lowest)",SH.STA.STNT.Q1.ZS,..,..,..,..,..,..,44.8,..,..,..,..,..,..,33.8,..
Guinea,GIN,"Malnourished children (stunting, -2SD) (% of children under 5): Q2",SH.STA.STNT.Q2.ZS,..,..,..,..,..,..,44.8,..,..,..,..,..,..,41.1,..
Guinea,GIN,"Malnourished children (stunting, -2SD) (% of children under 5): Q3",SH.STA.STNT.Q3.ZS,..,..,..,..,..,..,40.8,..,..,..,..,..,..,33.8,..
Guinea,GIN,"Malnourished children (stunting, -2SD) (% of children under 5): Q4",SH.STA.STNT.Q4.ZS,..,..,..,..,..,..,34.8,..,..,..,..,..,..,25,..
Guinea,GIN,"Malnourished children (stunting, -2SD) (% of children under 5): Q5 (highest)",SH.STA.STNT.Q5.ZS,..,..,..,..,..,..,25.3,..,..,..,..,..,..,15.4,..
Guinea-Bissau,GNB,"Malnourished children (stunting, -2SD) (% of children under 5): Q1 (lowest)",SH.STA.STNT.Q1.ZS,..,..,..,..,..,..,..,..,..,..,..,41.9,..,..,..
Guinea-Bissau,GNB,"Malnourished children (stunting, -2SD) (% of children under 5): Q2",SH.STA.STNT.Q2.ZS,..,..,..,..,..,..,..,..,..,..,..,36.7,..,..,..
Guinea-Bissau,GNB,"Malnourished children (stunting, -2SD) (% of children under 5): Q3",SH.STA.STNT.Q3.ZS,..,..,..,..,..,..,..,..,..,..,..,31.1,..,..,..
Guinea-Bissau,GNB,"Malnourished children (stunting, -2SD) (% of children under 5): Q4",SH.STA.STNT.Q4.ZS,..,..,..,..,..,..,..,..,..,..,..,23.6,..,..,..
Guinea-Bissau,GNB,"Malnourished children (stunting, -2SD) (% of children under 5): Q5 (highest)",SH.STA.STNT.Q5.ZS,..,..,..,..,..,..,..,..,..,..,..,18,..,..,..
Guyana,GUY,"Malnourished children (stunting, -2SD) (% of children under 5): Q1 (lowest)",SH.STA.STNT.Q1.ZS,..,..,..,..,..,..,..,..,..,..,29.6,..,..,..,..
Guyana,GUY,"Malnourished children (stunting, -2SD) (% of children under 5): Q2",SH.STA.STNT.Q2.ZS,..,..,..,..,..,..,..,..,..,..,18.3,..,..,..,..
Guyana,GUY,"Malnourished children (stunting, -2SD) (% of children under 5): Q3",SH.STA.STNT.Q3.ZS,..,..,..,..,..,..,..,..,..,..,13.4,..,..,..,..
Guyana,GUY,"Malnourished children (stunting, -2SD) (% of children under 5): Q4",SH.STA.STNT.Q4.ZS,..,..,..,..,..,..,..,..,..,..,12.2,..,..,..,..
Guyana,GUY,"Malnourished children (stunting, -2SD) (% of children under 5): Q5 (highest)",SH.STA.STNT.Q5.ZS,..,..,..,..,..,..,..,..,..,..,9.8,..,..,..,..
Haiti,HTI,"Malnourished children (stunting, -2SD) (% of children under 5): Q1 (lowest)",SH.STA.STNT.Q1.ZS,..,37.9,..,..,..,..,..,41,..,..,..,..,..,31,..
Haiti,HTI,"Malnourished children (stunting, -2SD) (% of children under 5): Q2",SH.STA.STNT.Q2.ZS,..,36.2,..,..,..,..,..,37.3,..,..,..,..,..,26.5,..
Haiti,HTI,"Malnourished children (stunting, -2SD) (% of children under 5): Q3",SH.STA.STNT.Q3.ZS,..,28.1,..,..,..,..,..,33.6,..,..,..,..,..,20.6,..
Haiti,HTI,"Malnourished children (stunting, -2SD) (% of children under 5): Q4",SH.STA.STNT.Q4.ZS,..,23.4,..,..,..,..,..,18.1,..,..,..,..,..,16.1,..
Haiti,HTI,"Malnourished children (stunting, -2SD) (% of children under 5): Q5 (highest)",SH.STA.STNT.Q5.ZS,..,11.1,..,..,..,..,..,8,..,..,..,..,..,6.6,..
Honduras,HND,"Malnourished children (stunting, -2SD) (% of children under 5): Q1 (lowest)",SH.STA.STNT.Q1.ZS,..,..,..,..,..,..,..,50.4,..,..,..,..,..,42.1,..
Honduras,HND,"Malnourished children (stunting, -2SD) (% of children under 5): Q2",SH.STA.STNT.Q2.ZS,..,..,..,..,..,..,..,38.7,..,..,..,..,..,25.1,..
Honduras,HND,"Malnourished children (stunting, -2SD) (% of children under 5): Q3",SH.STA.STNT.Q3.ZS,..,..,..,..,..,..,..,25.4,..,..,..,..,..,16.4,..
Honduras,HND,"Malnourished children (stunting, -2SD) (% of children under 5): Q4",SH.STA.STNT.Q4.ZS,..,..,..,..,..,..,..,15.2,..,..,..,..,..,11.5,..
Honduras,HND,"Malnourished children (stunting, -2SD) (% of children under 5): Q5 (highest)",SH.STA.STNT.Q5.ZS,..,..,..,..,..,..,..,6.7,..,..,..,..,..,8,..
India,IND,"Malnourished children (stunting, -2SD) (% of children under 5): Q1 (lowest)",SH.STA.STNT.Q1.ZS,..,..,..,..,..,..,..,59.9,..,..,..,..,..,..,..
India,IND,"Malnourished children (stunting, -2SD) (% of children under 5): Q2",SH.STA.STNT.Q2.ZS,..,..,..,..,..,..,..,54.3,..,..,..,..,..,..,..
India,IND,"Malnourished children (stunting, -2SD) (% of children under 5): Q3",SH.STA.STNT.Q3.ZS,..,..,..,..,..,..,..,48.9,..,..,..,..,..,..,..
India,IND,"Malnourished children (stunting, -2SD) (% of children under 5): Q4",SH.STA.STNT.Q4.ZS,..,..,..,..,..,..,..,40.8,..,..,..,..,..,..,..
India,IND,"Malnourished children (stunting, -2SD) (% of children under 5): Q5 (highest)",SH.STA.STNT.Q5.ZS,..,..,..,..,..,..,..,25.3,..,..,..,..,..,..,..
Iraq,IRQ,"Malnourished children (stunting, -2SD) (% of children under 5): Q1 (lowest)",SH.STA.STNT.Q1.ZS,..,..,..,..,..,..,..,..,..,..,..,..,20.2,..,..
Iraq,IRQ,"Malnourished children (stunting, -2SD) (% of children under 5): Q2",SH.STA.STNT.Q2.ZS,..,..,..,..,..,..,..,..,..,..,..,..,18.7,..,..
Iraq,IRQ,"Malnourished children (stunting, -2SD) (% of children under 5): Q3",SH.STA.STNT.Q3.ZS,..,..,..,..,..,..,..,..,..,..,..,..,16.6,..,..
Iraq,IRQ,"Malnourished children (stunting, -2SD) (% of children under 5): Q4",SH.STA.STNT.Q4.ZS,..,..,..,..,..,..,..,..,..,..,..,..,18.3,..,..
Iraq,IRQ,"Malnourished children (stunting, -2SD) (% of children under 5): Q5 (highest)",SH.STA.STNT.Q5.ZS,..,..,..,..,..,..,..,..,..,..,..,..,17.6,..,..
Jordan,JOR,"Malnourished children (stunting, -2SD) (% of children under 5): Q1 (lowest)",SH.STA.STNT.Q1.ZS,..,..,..,17.6,..,..,..,..,18.2,..,12.9,..,..,13.8,..
Jordan,JOR,"Malnourished children (stunting, -2SD) (% of children under 5): Q2",SH.STA.STNT.Q2.ZS,..,..,..,11.4,..,..,..,..,14.1,..,8.4,..,..,7,..
Jordan,JOR,"Malnourished children (stunting, -2SD) (% of children under 5): Q3",SH.STA.STNT.Q3.ZS,..,..,..,9.5,..,..,..,..,12.3,..,6.1,..,..,6.2,..
Jordan,JOR,"Malnourished children (stunting, -2SD) (% of children under 5): Q4",SH.STA.STNT.Q4.ZS,..,..,..,8.3,..,..,..,..,15.2,..,7.1,..,..,6.8,..
Jordan,JOR,"Malnourished children (stunting, -2SD) (% of children under 5): Q5 (highest)",SH.STA.STNT.Q5.ZS,..,..,..,6.7,..,..,..,..,9.2,..,1.2,..,..,1.8,..
Kazakhstan,KAZ,"Malnourished children (stunting, -2SD) (% of children under 5): Q1 (lowest)",SH.STA.STNT.Q1.ZS,..,..,..,..,..,..,..,..,..,..,..,..,14.4,..,..
Kazakhstan,KAZ,"Malnourished children (stunting, -2SD) (% of children under 5): Q2",SH.STA.STNT.Q2.ZS,..,..,..,..,..,..,..,..,..,..,..,..,14.5,..,..
Kazakhstan,KAZ,"Malnourished children (stunting, -2SD) (% of children under 5): Q3",SH.STA.STNT.Q3.ZS,..,..,..,..,..,..,..,..,..,..,..,..,9.9,..,..
Kazakhstan,KAZ,"Malnourished children (stunting, -2SD) (% of children under 5): Q4",SH.STA.STNT.Q4.ZS,..,..,..,..,..,..,..,..,..,..,..,..,13.9,..,..
Kazakhstan,KAZ,"Malnourished children (stunting, -2SD) (% of children under 5): Q5 (highest)",SH.STA.STNT.Q5.ZS,..,..,..,..,..,..,..,..,..,..,..,..,12.1,..,..
Kenya,KEN,"Malnourished children (stunting, -2SD) (% of children under 5): Q1 (lowest)",SH.STA.STNT.Q1.ZS,..,..,..,..,44.1,..,..,..,..,..,44.4,..,..,..,..
Kenya,KEN,"Malnourished children (stunting, -2SD) (% of children under 5): Q2",SH.STA.STNT.Q2.ZS,..,..,..,..,37.9,..,..,..,..,..,39.2,..,..,..,..
Kenya,KEN,"Malnourished children (stunting, -2SD) (% of children under 5): Q3",SH.STA.STNT.Q3.ZS,..,..,..,..,35.2,..,..,..,..,..,34.4,..,..,..,..
Kenya,KEN,"Malnourished children (stunting, -2SD) (% of children under 5): Q4",SH.STA.STNT.Q4.ZS,..,..,..,..,32,..,..,..,..,..,29.1,..,..,..,..
Kenya,KEN,"Malnourished children (stunting, -2SD) (% of children under 5): Q5 (highest)",SH.STA.STNT.Q5.ZS,..,..,..,..,24.7,..,..,..,..,..,24.5,..,..,..,..
Kyrgyz Republic,KGZ,"Malnourished children (stunting, -2SD) (% of children under 5): Q1 (lowest)",SH.STA.STNT.Q1.ZS,..,..,..,..,..,..,..,..,..,..,..,..,..,18.3,..
Kyrgyz Republic,KGZ,"Malnourished children (stunting, -2SD) (% of children under 5): Q2",SH.STA.STNT.Q2.ZS,..,..,..,..,..,..,..,..,..,..,..,..,..,18.6,..
Kyrgyz Republic,KGZ,"Malnourished children (stunting, -2SD) (% of children under 5): Q3",SH.STA.STNT.Q3.ZS,..,..,..,..,..,..,..,..,..,..,..,..,..,16.7,..
Kyrgyz Republic,KGZ,"Malnourished children (stunting, -2SD) (% of children under 5): Q4",SH.STA.STNT.Q4.ZS,..,..,..,..,..,..,..,..,..,..,..,..,..,16.4,..
Kyrgyz Republic,KGZ,"Malnourished children (stunting, -2SD) (% of children under 5): Q5 (highest)",SH.STA.STNT.Q5.ZS,..,..,..,..,..,..,..,..,..,..,..,..,..,19,..
Lao PDR,LAO,"Malnourished children (stunting, -2SD) (% of children under 5): Q1 (lowest)",SH.STA.STNT.Q1.ZS,..,..,..,..,..,..,..,..,..,..,..,..,..,60.6,..
Lao PDR,LAO,"Malnourished children (stunting, -2SD) (% of children under 5): Q2",SH.STA.STNT.Q2.ZS,..,..,..,..,..,..,..,..,..,..,..,..,..,50.2,..
Lao PDR,LAO,"Malnourished children (stunting, -2SD) (% of children under 5): Q3",SH.STA.STNT.Q3.ZS,..,..,..,..,..,..,..,..,..,..,..,..,..,41.9,..
Lao PDR,LAO,"Malnourished children (stunting, -2SD) (% of children under 5): Q4",SH.STA.STNT.Q4.ZS,..,..,..,..,..,..,..,..,..,..,..,..,..,31.7,..
Lao PDR,LAO,"Malnourished children (stunting, -2SD) (% of children under 5): Q5 (highest)",SH.STA.STNT.Q5.ZS,..,..,..,..,..,..,..,..,..,..,..,..,..,19.7,..
Lesotho,LSO,"Malnourished children (stunting, -2SD) (% of children under 5): Q1 (lowest)",SH.STA.STNT.Q1.ZS,..,..,..,..,..,53.9,..,..,..,..,45.6,..,..,..,..
Lesotho,LSO,"Malnourished children (stunting, -2SD) (% of children under 5): Q2",SH.STA.STNT.Q2.ZS,..,..,..,..,..,50.2,..,..,..,..,46.9,..,..,..,..
Lesotho,LSO,"Malnourished children (stunting, -2SD) (% of children under 5): Q3",SH.STA.STNT.Q3.ZS,..,..,..,..,..,42,..,..,..,..,40.3,..,..,..,..
Lesotho,LSO,"Malnourished children (stunting, -2SD) (% of children under 5): Q4",SH.STA.STNT.Q4.ZS,..,..,..,..,..,37.5,..,..,..,..,28.7,..,..,..,..
Lesotho,LSO,"Malnourished children (stunting, -2SD) (% of children under 5): Q5 (highest)",SH.STA.STNT.Q5.ZS,..,..,..,..,..,30,..,..,..,..,28.3,..,..,..,..
Liberia,LBR,"Malnourished children (stunting, -2SD) (% of children under 5): Q1 (lowest)",SH.STA.STNT.Q1.ZS,..,..,..,..,..,..,..,..,44.5,..,..,..,..,..,35.3
Liberia,LBR,"Malnourished children (stunting, -2SD) (% of children under 5): Q2",SH.STA.STNT.Q2.ZS,..,..,..,..,..,..,..,..,45.1,..,..,..,..,..,35.2
Liberia,LBR,"Malnourished children (stunting, -2SD) (% of children under 5): Q3",SH.STA.STNT.Q3.ZS,..,..,..,..,..,..,..,..,39.8,..,..,..,..,..,35.3
Liberia,LBR,"Malnourished children (stunting, -2SD) (% of children under 5): Q4",SH.STA.STNT.Q4.ZS,..,..,..,..,..,..,..,..,34.6,..,..,..,..,..,27.7
Liberia,LBR,"Malnourished children (stunting, -2SD) (% of children under 5): Q5 (highest)",SH.STA.STNT.Q5.ZS,..,..,..,..,..,..,..,..,26.4,..,..,..,..,..,19.9
"Macedonia, FYR",MKD,"Malnourished children (stunting, -2SD) (% of children under 5): Q1 (lowest)",SH.STA.STNT.Q1.ZS,..,..,..,..,..,..,..,..,..,..,..,..,7.2,..,..
"Macedonia, FYR",MKD,"Malnourished children (stunting, -2SD) (% of children under 5): Q2",SH.STA.STNT.Q2.ZS,..,..,..,..,..,..,..,..,..,..,..,..,5.8,..,..
"Macedonia, FYR",MKD,"Malnourished children (stunting, -2SD) (% of children under 5): Q3",SH.STA.STNT.Q3.ZS,..,..,..,..,..,..,..,..,..,..,..,..,4.7,..,..
"Macedonia, FYR",MKD,"Malnourished children (stunting, -2SD) (% of children under 5): Q4",SH.STA.STNT.Q4.ZS,..,..,..,..,..,..,..,..,..,..,..,..,4.6,..,..
"Macedonia, FYR",MKD,"Malnourished children (stunting, -2SD) (% of children under 5): Q5 (highest)",SH.STA.STNT.Q5.ZS,..,..,..,..,..,..,..,..,..,..,..,..,2,..,..
Madagascar,MDG,"Malnourished children (stunting, -2SD) (% of children under 5): Q1 (lowest)",SH.STA.STNT.Q1.ZS,..,..,..,..,..,58.3,..,..,..,..,47.6,..,..,..,..
Madagascar,MDG,"Malnourished children (stunting, -2SD) (% of children under 5): Q2",SH.STA.STNT.Q2.ZS,..,..,..,..,..,58.2,..,..,..,..,54,..,..,..,..
Madagascar,MDG,"Malnourished children (stunting, -2SD) (% of children under 5): Q3",SH.STA.STNT.Q3.ZS,..,..,..,..,..,53.2,..,..,..,..,52.5,..,..,..,..
Madagascar,MDG,"Malnourished children (stunting, -2SD) (% of children under 5): Q4",SH.STA.STNT.Q4.ZS,..,..,..,..,..,48.4,..,..,..,..,51,..,..,..,..
Madagascar,MDG,"Malnourished children (stunting, -2SD) (% of children under 5): Q5 (highest)",SH.STA.STNT.Q5.ZS,..,..,..,..,..,43.7,..,..,..,..,43.6,..,..,..,..
Malawi,MWI,"Malnourished children (stunting, -2SD) (% of children under 5): Q1 (lowest)",SH.STA.STNT.Q1.ZS,..,62.2,..,..,..,58,..,..,..,..,..,55.5,..,..,..
Malawi,MWI,"Malnourished children (stunting, -2SD) (% of children under 5): Q2",SH.STA.STNT.Q2.ZS,..,58,..,..,..,57,..,..,..,..,..,50.8,..,..,..
Malawi,MWI,"Malnourished children (stunting, -2SD) (% of children under 5): Q3",SH.STA.STNT.Q3.ZS,..,54.4,..,..,..,56.1,..,..,..,..,..,46.5,..,..,..
Malawi,MWI,"Malnourished children (stunting, -2SD) (% of children under 5): Q4",SH.STA.STNT.Q4.ZS,..,55.5,..,..,..,50.2,..,..,..,..,..,46.8,..,..,..
Malawi,MWI,"Malnourished children (stunting, -2SD) (% of children under 5): Q5 (highest)",SH.STA.STNT.Q5.ZS,..,41.9,..,..,..,37.5,..,..,..,..,..,36,..,..,..
Maldives,MDV,"Malnourished children (stunting, -2SD) (% of children under 5): Q1 (lowest)",SH.STA.STNT.Q1.ZS,..,..,..,..,..,..,..,..,..,..,21.9,..,..,..,..
Maldives,MDV,"Malnourished children (stunting, -2SD) (% of children under 5): Q2",SH.STA.STNT.Q2.ZS,..,..,..,..,..,..,..,..,..,..,23.1,..,..,..,..
Maldives,MDV,"Malnourished children (stunting, -2SD) (% of children under 5): Q3",SH.STA.STNT.Q3.ZS,..,..,..,..,..,..,..,..,..,..,17.6,..,..,..,..
Maldives,MDV,"Malnourished children (stunting, -2SD) (% of children under 5): Q4",SH.STA.STNT.Q4.ZS,..,..,..,..,..,..,..,..,..,..,15.4,..,..,..,..
Maldives,MDV,"Malnourished children (stunting, -2SD) (% of children under 5): Q5 (highest)",SH.STA.STNT.Q5.ZS,..,..,..,..,..,..,..,..,..,..,15.7,..,..,..,..
Mali,MLI,"Malnourished children (stunting, -2SD) (% of children under 5): Q1 (lowest)",SH.STA.STNT.Q1.ZS,..,..,49.3,..,..,..,..,44.2,..,..,..,..,..,..,46.4
Mali,MLI,"Malnourished children (stunting, -2SD) (% of children under 5): Q2",SH.STA.STNT.Q2.ZS,..,..,50.2,..,..,..,..,42.6,..,..,..,..,..,..,44.4
Mali,MLI,"Malnourished children (stunting, -2SD) (% of children under 5): Q3",SH.STA.STNT.Q3.ZS,..,..,45.9,..,..,..,..,42.6,..,..,..,..,..,..,42.4
Mali,MLI,"Malnourished children (stunting, -2SD) (% of children under 5): Q4",SH.STA.STNT.Q4.ZS,..,..,39.4,..,..,..,..,35,..,..,..,..,..,..,33.9
Mali,MLI,"Malnourished children (stunting, -2SD) (% of children under 5): Q5 (highest)",SH.STA.STNT.Q5.ZS,..,..,24.5,..,..,..,..,22.1,..,..,..,..,..,..,21.2
Mauritania,MRT,"Malnourished children (stunting, -2SD) (% of children under 5): Q1 (lowest)",SH.STA.STNT.Q1.ZS,..,..,..,..,..,..,..,..,..,..,..,..,38.9,..,..
Mauritania,MRT,"Malnourished children (stunting, -2SD) (% of children under 5): Q2",SH.STA.STNT.Q2.ZS,..,..,..,..,..,..,..,..,..,..,..,..,34.5,..,..
Mauritania,MRT,"Malnourished children (stunting, -2SD) (% of children under 5): Q3",SH.STA.STNT.Q3.ZS,..,..,..,..,..,..,..,..,..,..,..,..,29.3,..,..
Mauritania,MRT,"Malnourished children (stunting, -2SD) (% of children under 5): Q4",SH.STA.STNT.Q4.ZS,..,..,..,..,..,..,..,..,..,..,..,..,24.3,..,..
Mauritania,MRT,"Malnourished children (stunting, -2SD) (% of children under 5): Q5 (highest)",SH.STA.STNT.Q5.ZS,..,..,..,..,..,..,..,..,..,..,..,..,17.7,..,..
Moldova,MDA,"Malnourished children (stunting, -2SD) (% of children under 5): Q1 (lowest)",SH.STA.STNT.Q1.ZS,..,..,..,..,..,..,14.5,..,..,..,..,..,..,11.4,..
Moldova,MDA,"Malnourished children (stunting, -2SD) (% of children under 5): Q2",SH.STA.STNT.Q2.ZS,..,..,..,..,..,..,9.7,..,..,..,..,..,..,5.6,..
Moldova,MDA,"Malnourished children (stunting, -2SD) (% of children under 5): Q3",SH.STA.STNT.Q3.ZS,..,..,..,..,..,..,12.3,..,..,..,..,..,..,9.1,..
Moldova,MDA,"Malnourished children (stunting, -2SD) (% of children under 5): Q4",SH.STA.STNT.Q4.ZS,..,..,..,..,..,..,5.9,..,..,..,..,..,..,3.4,..
Moldova,MDA,"Malnourished children (stunting, -2SD) (% of children under 5): Q5 (highest)",SH.STA.STNT.Q5.ZS,..,..,..,..,..,..,6.8,..,..,..,..,..,..,2.7,..
Mongolia,MNG,"Malnourished children (stunting, -2SD) (% of children under 5): Q1 (lowest)",SH.STA.STNT.Q1.ZS,..,..,..,..,..,..,..,..,..,..,..,25.2,..,..,..
Mongolia,MNG,"Malnourished children (stunting, -2SD) (% of children under 5): Q2",SH.STA.STNT.Q2.ZS,..,..,..,..,..,..,..,..,..,..,..,18.4,..,..,..
Mongolia,MNG,"Malnourished children (stunting, -2SD) (% of children under 5): Q3",SH.STA.STNT.Q3.ZS,..,..,..,..,..,..,..,..,..,..,..,11.4,..,..,..
Mongolia,MNG,"Malnourished children (stunting, -2SD) (% of children under 5): Q4",SH.STA.STNT.Q4.ZS,..,..,..,..,..,..,..,..,..,..,..,11.9,..,..,..
Mongolia,MNG,"Malnourished children (stunting, -2SD) (% of children under 5): Q5 (highest)",SH.STA.STNT.Q5.ZS,..,..,..,..,..,..,..,..,..,..,..,6.5,..,..,..
Morocco,MAR,"Malnourished children (stunting, -2SD) (% of children under 5): Q1 (lowest)",SH.STA.STNT.Q1.ZS,..,..,..,..,..,35,..,..,..,..,..,..,..,..,..
Morocco,MAR,"Malnourished children (stunting, -2SD) (% of children under 5): Q2",SH.STA.STNT.Q2.ZS,..,..,..,..,..,24.8,..,..,..,..,..,..,..,..,..
Morocco,MAR,"Malnourished children (stunting, -2SD) (% of children under 5): Q3",SH.STA.STNT.Q3.ZS,..,..,..,..,..,19.7,..,..,..,..,..,..,..,..,..
Morocco,MAR,"Malnourished children (stunting, -2SD) (% of children under 5): Q4",SH.STA.STNT.Q4.ZS,..,..,..,..,..,14.7,..,..,..,..,..,..,..,..,..
Morocco,MAR,"Malnourished children (stunting, -2SD) (% of children under 5): Q5 (highest)",SH.STA.STNT.Q5.ZS,..,..,..,..,..,12.5,..,..,..,..,..,..,..,..,..
Mozambique,MOZ,"Malnourished children (stunting, -2SD) (% of children under 5): Q1 (lowest)",SH.STA.STNT.Q1.ZS,..,..,..,..,53.8,..,..,..,..,51,..,..,51.1,..,..
Mozambique,MOZ,"Malnourished children (stunting, -2SD) (% of children under 5): Q2",SH.STA.STNT.Q2.ZS,..,..,..,..,53.5,..,..,..,..,52.2,..,..,48,..,..
Mozambique,MOZ,"Malnourished children (stunting, -2SD) (% of children under 5): Q3",SH.STA.STNT.Q3.ZS,..,..,..,..,52.6,..,..,..,..,46.6,..,..,46.4,..,..
Mozambique,MOZ,"Malnourished children (stunting, -2SD) (% of children under 5): Q4",SH.STA.STNT.Q4.ZS,..,..,..,..,42.6,..,..,..,..,37.6,..,..,37.4,..,..
Mozambique,MOZ,"Malnourished children (stunting, -2SD) (% of children under 5): Q5 (highest)",SH.STA.STNT.Q5.ZS,..,..,..,..,25.8,..,..,..,..,26.1,..,..,24.1,..,..
Myanmar,MMR,"Malnourished children (stunting, -2SD) (% of children under 5): Q1 (lowest)",SH.STA.STNT.Q1.ZS,..,..,..,..,..,..,..,..,..,..,..,46.6,..,..,..
Myanmar,MMR,"Malnourished children (stunting, -2SD) (% of children under 5): Q2",SH.STA.STNT.Q2.ZS,..,..,..,..,..,..,..,..,..,..,..,39.6,..,..,..
Myanmar,MMR,"Malnourished children (stunting, -2SD) (% of children under 5): Q3",SH.STA.STNT.Q3.ZS,..,..,..,..,..,..,..,..,..,..,..,35.7,..,..,..
Myanmar,MMR,"Malnourished children (stunting, -2SD) (% of children under 5): Q4",SH.STA.STNT.Q4.ZS,..,..,..,..,..,..,..,..,..,..,..,27.7,..,..,..
Myanmar,MMR,"Malnourished children (stunting, -2SD) (% of children under 5): Q5 (highest)",SH.STA.STNT.Q5.ZS,..,..,..,..,..,..,..,..,..,..,..,20.7,..,..,..
Namibia,NAM,"Malnourished children (stunting, -2SD) (% of children under 5): Q1 (lowest)",SH.STA.STNT.Q1.ZS,..,37.3,..,..,..,..,..,..,37,..,..,..,..,..,..
Namibia,NAM,"Malnourished children (stunting, -2SD) (% of children under 5): Q2",SH.STA.STNT.Q2.ZS,..,33.5,..,..,..,..,..,..,35.7,..,..,..,..,..,..
Namibia,NAM,"Malnourished children (stunting, -2SD) (% of children under 5): Q3",SH.STA.STNT.Q3.ZS,..,27.8,..,..,..,..,..,..,27.9,..,..,..,..,..,..
Namibia,NAM,"Malnourished children (stunting, -2SD) (% of children under 5): Q4",SH.STA.STNT.Q4.ZS,..,25.3,..,..,..,..,..,..,24,..,..,..,..,..,..
Namibia,NAM,"Malnourished children (stunting, -2SD) (% of children under 5): Q5 (highest)",SH.STA.STNT.Q5.ZS,..,15.9,..,..,..,..,..,..,12.6,..,..,..,..,..,..
Nepal,NPL,"Malnourished children (stunting, -2SD) (% of children under 5): Q1 (lowest)",SH.STA.STNT.Q1.ZS,..,..,67.6,..,..,..,..,61.6,..,..,..,..,56,..,..
Nepal,NPL,"Malnourished children (stunting, -2SD) (% of children under 5): Q2",SH.STA.STNT.Q2.ZS,..,..,61.3,..,..,..,..,54.9,..,..,..,..,45.7,..,..
Nepal,NPL,"Malnourished children (stunting, -2SD) (% of children under 5): Q3",SH.STA.STNT.Q3.ZS,..,..,54.3,..,..,..,..,50.4,..,..,..,..,34.5,..,..
Nepal,NPL,"Malnourished children (stunting, -2SD) (% of children under 5): Q4",SH.STA.STNT.Q4.ZS,..,..,53.1,..,..,..,..,39.8,..,..,..,..,30.5,..,..
Nepal,NPL,"Malnourished children (stunting, -2SD) (% of children under 5): Q5 (highest)",SH.STA.STNT.Q5.ZS,..,..,42.1,..,..,..,..,31,..,..,..,..,25.8,..,..
Nicaragua,NIC,"Malnourished children (stunting, -2SD) (% of children under 5): Q1 (lowest)",SH.STA.STNT.Q1.ZS,..,..,42.2,..,..,..,..,..,..,..,..,..,..,..,..
Nicaragua,NIC,"Malnourished children (stunting, -2SD) (% of children under 5): Q2",SH.STA.STNT.Q2.ZS,..,..,31.2,..,..,..,..,..,..,..,..,..,..,..,..
Nicaragua,NIC,"Malnourished children (stunting, -2SD) (% of children under 5): Q3",SH.STA.STNT.Q3.ZS,..,..,20.6,..,..,..,..,..,..,..,..,..,..,..,..
Nicaragua,NIC,"Malnourished children (stunting, -2SD) (% of children under 5): Q4",SH.STA.STNT.Q4.ZS,..,..,11.9,..,..,..,..,..,..,..,..,..,..,..,..
Nicaragua,NIC,"Malnourished children (stunting, -2SD) (% of children under 5): Q5 (highest)",SH.STA.STNT.Q5.ZS,..,..,5.5,..,..,..,..,..,..,..,..,..,..,..,..
Niger,NER,"Malnourished children (stunting, -2SD) (% of children under 5): Q1 (lowest)",SH.STA.STNT.Q1.ZS,..,..,..,..,..,..,..,57.2,..,..,..,..,..,46.9,..
Niger,NER,"Malnourished children (stunting, -2SD) (% of children under 5): Q2",SH.STA.STNT.Q2.ZS,..,..,..,..,..,..,..,58.2,..,..,..,..,..,48,..
Niger,NER,"Malnourished children (stunting, -2SD) (% of children under 5): Q3",SH.STA.STNT.Q3.ZS,..,..,..,..,..,..,..,57.4,..,..,..,..,..,41.8,..
Niger,NER,"Malnourished children (stunting, -2SD) (% of children under 5): Q4",SH.STA.STNT.Q4.ZS,..,..,..,..,..,..,..,58.9,..,..,..,..,..,46.7,..
Niger,NER,"Malnourished children (stunting, -2SD) (% of children under 5): Q5 (highest)",SH.STA.STNT.Q5.ZS,..,..,..,..,..,..,..,40.9,..,..,..,..,..,34.5,..
Nigeria,NGA,"Malnourished children (stunting, -2SD) (% of children under 5): Q1 (lowest)",SH.STA.STNT.Q1.ZS,..,..,..,..,52.8,..,..,..,..,52.1,..,..,54,..,53.8
Nigeria,NGA,"Malnourished children (stunting, -2SD) (% of children under 5): Q2",SH.STA.STNT.Q2.ZS,..,..,..,..,52.9,..,..,..,..,49,..,..,48.5,..,46.1
Nigeria,NGA,"Malnourished children (stunting, -2SD) (% of children under 5): Q3",SH.STA.STNT.Q3.ZS,..,..,..,..,48.3,..,..,..,..,41.8,..,..,34.9,..,35.1
Nigeria,NGA,"Malnourished children (stunting, -2SD) (% of children under 5): Q4",SH.STA.STNT.Q4.ZS,..,..,..,..,36.6,..,..,..,..,33.6,..,..,23.6,..,26.3
Nigeria,NGA,"Malnourished children (stunting, -2SD) (% of children under 5): Q5 (highest)",SH.STA.STNT.Q5.ZS,..,..,..,..,20.2,..,..,..,..,24.2,..,..,13.4,..,18
Pakistan,PAK,"Malnourished children (stunting, -2SD) (% of children under 5): Q1 (lowest)",SH.STA.STNT.Q1.ZS,..,..,..,..,..,..,..,..,..,..,..,..,..,..,61.6
Pakistan,PAK,"Malnourished children (stunting, -2SD) (% of children under 5): Q2",SH.STA.STNT.Q2.ZS,..,..,..,..,..,..,..,..,..,..,..,..,..,..,55.7
Pakistan,PAK,"Malnourished children (stunting, -2SD) (% of children under 5): Q3",SH.STA.STNT.Q3.ZS,..,..,..,..,..,..,..,..,..,..,..,..,..,..,40.6
Pakistan,PAK,"Malnourished children (stunting, -2SD) (% of children under 5): Q4",SH.STA.STNT.Q4.ZS,..,..,..,..,..,..,..,..,..,..,..,..,..,..,37.8
Pakistan,PAK,"Malnourished children (stunting, -2SD) (% of children under 5): Q5 (highest)",SH.STA.STNT.Q5.ZS,..,..,..,..,..,..,..,..,..,..,..,..,..,..,23
Peru,PER,"Malnourished children (stunting, -2SD) (% of children under 5): Q1 (lowest)",SH.STA.STNT.Q1.ZS,..,..,..,..,..,..,..,54.3,..,54.3,45.3,44,43.5,38.8,..
Peru,PER,"Malnourished children (stunting, -2SD) (% of children under 5): Q2",SH.STA.STNT.Q2.ZS,..,..,..,..,..,..,..,41.7,..,42.8,29.7,28.5,22.1,20.1,..
Peru,PER,"Malnourished children (stunting, -2SD) (% of children under 5): Q3",SH.STA.STNT.Q3.ZS,..,..,..,..,..,..,..,20.4,..,24.8,14.1,15.4,10,11.5,..
Peru,PER,"Malnourished children (stunting, -2SD) (% of children under 5): Q4",SH.STA.STNT.Q4.ZS,..,..,..,..,..,..,..,7.8,..,12.3,10.1,7.3,6.8,5.4,..
Peru,PER,"Malnourished children (stunting, -2SD) (% of children under 5): Q5 (highest)",SH.STA.STNT.Q5.ZS,..,..,..,..,..,..,..,4.8,..,7.5,4.2,5.4,2.4,3.1,..
Rwanda,RWA,"Malnourished children (stunting, -2SD) (% of children under 5): Q1 (lowest)",SH.STA.STNT.Q1.ZS,..,55.8,..,..,..,..,60.9,..,..,..,..,54,..,..,..
Rwanda,RWA,"Malnourished children (stunting, -2SD) (% of children under 5): Q2",SH.STA.STNT.Q2.ZS,..,52.3,..,..,..,..,54.7,..,..,..,..,51.1,..,..,..
Rwanda,RWA,"Malnourished children (stunting, -2SD) (% of children under 5): Q3",SH.STA.STNT.Q3.ZS,..,52.5,..,..,..,..,51.4,..,..,..,..,45.7,..,..,..
Rwanda,RWA,"Malnourished children (stunting, -2SD) (% of children under 5): Q4",SH.STA.STNT.Q4.ZS,..,49.3,..,..,..,..,51.1,..,..,..,..,39.2,..,..,..
Rwanda,RWA,"Malnourished children (stunting, -2SD) (% of children under 5): Q5 (highest)",SH.STA.STNT.Q5.ZS,..,33.6,..,..,..,..,34.5,..,..,..,..,25.8,..,..,..
Sao Tome and Principe,STP,"Malnourished children (stunting, -2SD) (% of children under 5): Q1 (lowest)",SH.STA.STNT.Q1.ZS,..,..,..,..,..,..,..,..,..,..,38.2,..,..,..,..
Sao Tome and Principe,STP,"Malnourished children (stunting, -2SD) (% of children under 5): Q2",SH.STA.STNT.Q2.ZS,..,..,..,..,..,..,..,..,..,..,34.9,..,..,..,..
Sao Tome and Principe,STP,"Malnourished children (stunting, -2SD) (% of children under 5): Q3",SH.STA.STNT.Q3.ZS,..,..,..,..,..,..,..,..,..,..,32.2,..,..,..,..
Sao Tome and Principe,STP,"Malnourished children (stunting, -2SD) (% of children under 5): Q4",SH.STA.STNT.Q4.ZS,..,..,..,..,..,..,..,..,..,..,20.5,..,..,..,..
Sao Tome and Principe,STP,"Malnourished children (stunting, -2SD) (% of children under 5): Q5 (highest)",SH.STA.STNT.Q5.ZS,..,..,..,..,..,..,..,..,..,..,17.6,..,..,..,..
Senegal,SEN,"Malnourished children (stunting, -2SD) (% of children under 5): Q1 (lowest)",SH.STA.STNT.Q1.ZS,..,..,..,..,..,..,30.6,..,..,..,..,..,35.4,..,..
Senegal,SEN,"Malnourished children (stunting, -2SD) (% of children under 5): Q2",SH.STA.STNT.Q2.ZS,..,..,..,..,..,..,23.1,..,..,..,..,..,33.3,..,..
Senegal,SEN,"Malnourished children (stunting, -2SD) (% of children under 5): Q3",SH.STA.STNT.Q3.ZS,..,..,..,..,..,..,19.2,..,..,..,..,..,23.7,..,..
Senegal,SEN,"Malnourished children (stunting, -2SD) (% of children under 5): Q4",SH.STA.STNT.Q4.ZS,..,..,..,..,..,..,11.4,..,..,..,..,..,22.6,..,..
Senegal,SEN,"Malnourished children (stunting, -2SD) (% of children under 5): Q5 (highest)",SH.STA.STNT.Q5.ZS,..,..,..,..,..,..,7.9,..,..,..,..,..,13.3,..,..
Serbia,SRB,"Malnourished children (stunting, -2SD) (% of children under 5): Q1 (lowest)",SH.STA.STNT.Q1.ZS,..,..,..,..,..,..,..,..,..,..,..,9.3,..,..,..
Serbia,SRB,"Malnourished children (stunting, -2SD) (% of children under 5): Q2",SH.STA.STNT.Q2.ZS,..,..,..,..,..,..,..,..,..,..,..,9.1,..,..,..
Serbia,SRB,"Malnourished children (stunting, -2SD) (% of children under 5): Q3",SH.STA.STNT.Q3.ZS,..,..,..,..,..,..,..,..,..,..,..,6.3,..,..,..
Serbia,SRB,"Malnourished children (stunting, -2SD) (% of children under 5): Q4",SH.STA.STNT.Q4.ZS,..,..,..,..,..,..,..,..,..,..,..,6,..,..,..
Serbia,SRB,"Malnourished children (stunting, -2SD) (% of children under 5): Q5 (highest)",SH.STA.STNT.Q5.ZS,..,..,..,..,..,..,..,..,..,..,..,3.4,..,..,..
Sierra Leone,SLE,"Malnourished children (stunting, -2SD) (% of children under 5): Q1 (lowest)",SH.STA.STNT.Q1.ZS,..,..,..,..,..,..,..,..,..,36.5,..,46.8,..,..,42.6
Sierra Leone,SLE,"Malnourished children (stunting, -2SD) (% of children under 5): Q2",SH.STA.STNT.Q2.ZS,..,..,..,..,..,..,..,..,..,43.6,..,48.9,..,..,40.4
Sierra Leone,SLE,"Malnourished children (stunting, -2SD) (% of children under 5): Q3",SH.STA.STNT.Q3.ZS,..,..,..,..,..,..,..,..,..,37.7,..,47.8,..,..,38.1
Sierra Leone,SLE,"Malnourished children (stunting, -2SD) (% of children under 5): Q4",SH.STA.STNT.Q4.ZS,..,..,..,..,..,..,..,..,..,36.5,..,41.5,..,..,35
Sierra Leone,SLE,"Malnourished children (stunting, -2SD) (% of children under 5): Q5 (highest)",SH.STA.STNT.Q5.ZS,..,..,..,..,..,..,..,..,..,22.7,..,32.8,..,..,28.1
South Sudan,SSD,"Malnourished children (stunting, -2SD) (% of children under 5): Q1 (lowest)",SH.STA.STNT.Q1.ZS,..,..,..,..,..,..,..,..,..,..,..,31.3,..,..,..
South Sudan,SSD,"Malnourished children (stunting, -2SD) (% of children under 5): Q2",SH.STA.STNT.Q2.ZS,..,..,..,..,..,..,..,..,..,..,..,34.1,..,..,..
South Sudan,SSD,"Malnourished children (stunting, -2SD) (% of children under 5): Q3",SH.STA.STNT.Q3.ZS,..,..,..,..,..,..,..,..,..,..,..,32,..,..,..
South Sudan,SSD,"Malnourished children (stunting, -2SD) (% of children under 5): Q4",SH.STA.STNT.Q4.ZS,..,..,..,..,..,..,..,..,..,..,..,31.7,..,..,..
South Sudan,SSD,"Malnourished children (stunting, -2SD) (% of children under 5): Q5 (highest)",SH.STA.STNT.Q5.ZS,..,..,..,..,..,..,..,..,..,..,..,26.5,..,..,..
Sudan,SDN,"Malnourished children (stunting, -2SD) (% of children under 5): Q1 (lowest)",SH.STA.STNT.Q1.ZS,..,..,..,..,..,..,..,..,..,..,..,42.1,..,..,..
Sudan,SDN,"Malnourished children (stunting, -2SD) (% of children under 5): Q2",SH.STA.STNT.Q2.ZS,..,..,..,..,..,..,..,..,..,..,..,43.8,..,..,..
Sudan,SDN,"Malnourished children (stunting, -2SD) (% of children under 5): Q3",SH.STA.STNT.Q3.ZS,..,..,..,..,..,..,..,..,..,..,..,38.1,..,..,..
Sudan,SDN,"Malnourished children (stunting, -2SD) (% of children under 5): Q4",SH.STA.STNT.Q4.ZS,..,..,..,..,..,..,..,..,..,..,..,27.4,..,..,..
Sudan,SDN,"Malnourished children (stunting, -2SD) (% of children under 5): Q5 (highest)",SH.STA.STNT.Q5.ZS,..,..,..,..,..,..,..,..,..,..,..,15,..,..,..
Suriname,SUR,"Malnourished children (stunting, -2SD) (% of children under 5): Q1 (lowest)",SH.STA.STNT.Q1.ZS,..,..,..,..,..,..,..,..,..,..,..,13.4,..,..,..
Suriname,SUR,"Malnourished children (stunting, -2SD) (% of children under 5): Q2",SH.STA.STNT.Q2.ZS,..,..,..,..,..,..,..,..,..,..,..,8.3,..,..,..
Suriname,SUR,"Malnourished children (stunting, -2SD) (% of children under 5): Q3",SH.STA.STNT.Q3.ZS,..,..,..,..,..,..,..,..,..,..,..,5.1,..,..,..
Suriname,SUR,"Malnourished children (stunting, -2SD) (% of children under 5): Q4",SH.STA.STNT.Q4.ZS,..,..,..,..,..,..,..,..,..,..,..,6.6,..,..,..
Suriname,SUR,"Malnourished children (stunting, -2SD) (% of children under 5): Q5 (highest)",SH.STA.STNT.Q5.ZS,..,..,..,..,..,..,..,..,..,..,..,5.5,..,..,..
Swaziland,SWZ,"Malnourished children (stunting, -2SD) (% of children under 5): Q1 (lowest)",SH.STA.STNT.Q1.ZS,..,..,..,..,..,..,..,..,38.3,..,..,41.9,..,..,..
Swaziland,SWZ,"Malnourished children (stunting, -2SD) (% of children under 5): Q2",SH.STA.STNT.Q2.ZS,..,..,..,..,..,..,..,..,32.3,..,..,32.3,..,..,..
Swaziland,SWZ,"Malnourished children (stunting, -2SD) (% of children under 5): Q3",SH.STA.STNT.Q3.ZS,..,..,..,..,..,..,..,..,26.5,..,..,33.4,..,..,..
Swaziland,SWZ,"Malnourished children (stunting, -2SD) (% of children under 5): Q4",SH.STA.STNT.Q4.ZS,..,..,..,..,..,..,..,..,25.3,..,..,26.3,..,..,..
Swaziland,SWZ,"Malnourished children (stunting, -2SD) (% of children under 5): Q5 (highest)",SH.STA.STNT.Q5.ZS,..,..,..,..,..,..,..,..,16.6,..,..,14,..,..,..
Tajikistan,TJK,"Malnourished children (stunting, -2SD) (% of children under 5): Q1 (lowest)",SH.STA.STNT.Q1.ZS,..,..,..,..,..,..,..,..,..,..,..,..,..,32.1,..
Tajikistan,TJK,"Malnourished children (stunting, -2SD) (% of children under 5): Q2",SH.STA.STNT.Q2.ZS,..,..,..,..,..,..,..,..,..,..,..,..,..,29,..
Tajikistan,TJK,"Malnourished children (stunting, -2SD) (% of children under 5): Q3",SH.STA.STNT.Q3.ZS,..,..,..,..,..,..,..,..,..,..,..,..,..,23.4,..
Tajikistan,TJK,"Malnourished children (stunting, -2SD) (% of children under 5): Q4",SH.STA.STNT.Q4.ZS,..,..,..,..,..,..,..,..,..,..,..,..,..,24.9,..
Tajikistan,TJK,"Malnourished children (stunting, -2SD) (% of children under 5): Q5 (highest)",SH.STA.STNT.Q5.ZS,..,..,..,..,..,..,..,..,..,..,..,..,..,20.9,..
Tanzania,TZA,"Malnourished children (stunting, -2SD) (% of children under 5): Q1 (lowest)",SH.STA.STNT.Q1.ZS,..,..,..,..,..,..,50.2,..,..,..,..,48.4,..,..,..
Tanzania,TZA,"Malnourished children (stunting, -2SD) (% of children under 5): Q2",SH.STA.STNT.Q2.ZS,..,..,..,..,..,..,49.6,..,..,..,..,45.1,..,..,..
Tanzania,TZA,"Malnourished children (stunting, -2SD) (% of children under 5): Q3",SH.STA.STNT.Q3.ZS,..,..,..,..,..,..,48.3,..,..,..,..,44.3,..,..,..
Tanzania,TZA,"Malnourished children (stunting, -2SD) (% of children under 5): Q4",SH.STA.STNT.Q4.ZS,..,..,..,..,..,..,44.2,..,..,..,..,39.2,..,..,..
Tanzania,TZA,"Malnourished children (stunting, -2SD) (% of children under 5): Q5 (highest)",SH.STA.STNT.Q5.ZS,..,..,..,..,..,..,22.7,..,..,..,..,26.3,..,..,..
Thailand,THA,"Malnourished children (stunting, -2SD) (% of children under 5): Q1 (lowest)",SH.STA.STNT.Q1.ZS,..,..,..,..,..,..,..,..,..,..,..,..,..,23.1,..
Thailand,THA,"Malnourished children (stunting, -2SD) (% of children under 5): Q2",SH.STA.STNT.Q2.ZS,..,..,..,..,..,..,..,..,..,..,..,..,..,19.9,..
Thailand,THA,"Malnourished children (stunting, -2SD) (% of children under 5): Q3",SH.STA.STNT.Q3.ZS,..,..,..,..,..,..,..,..,..,..,..,..,..,15.5,..
Thailand,THA,"Malnourished children (stunting, -2SD) (% of children under 5): Q4",SH.STA.STNT.Q4.ZS,..,..,..,..,..,..,..,..,..,..,..,..,..,10.9,..
Thailand,THA,"Malnourished children (stunting, -2SD) (% of children under 5): Q5 (highest)",SH.STA.STNT.Q5.ZS,..,..,..,..,..,..,..,..,..,..,..,..,..,10.6,..
Timor-Leste,TMP,"Malnourished children (stunting, -2SD) (% of children under 5): Q1 (lowest)",SH.STA.STNT.Q1.ZS,..,..,..,..,..,..,..,..,..,..,..,63,..,..,..
Timor-Leste,TMP,"Malnourished children (stunting, -2SD) (% of children under 5): Q2",SH.STA.STNT.Q2.ZS,..,..,..,..,..,..,..,..,..,..,..,63.5,..,..,..
Timor-Leste,TMP,"Malnourished children (stunting, -2SD) (% of children under 5): Q3",SH.STA.STNT.Q3.ZS,..,..,..,..,..,..,..,..,..,..,..,60.5,..,..,..
Timor-Leste,TMP,"Malnourished children (stunting, -2SD) (% of children under 5): Q4",SH.STA.STNT.Q4.ZS,..,..,..,..,..,..,..,..,..,..,..,55.4,..,..,..
Timor-Leste,TMP,"Malnourished children (stunting, -2SD) (% of children under 5): Q5 (highest)",SH.STA.STNT.Q5.ZS,..,..,..,..,..,..,..,..,..,..,..,47.1,..,..,..
Togo,TGO,"Malnourished children (stunting, -2SD) (% of children under 5): Q1 (lowest)",SH.STA.STNT.Q1.ZS,..,..,..,..,..,..,..,..,..,..,..,39.6,..,..,..
Togo,TGO,"Malnourished children (stunting, -2SD) (% of children under 5): Q2",SH.STA.STNT.Q2.ZS,..,..,..,..,..,..,..,..,..,..,..,39.1,..,..,..
Togo,TGO,"Malnourished children (stunting, -2SD) (% of children under 5): Q3",SH.STA.STNT.Q3.ZS,..,..,..,..,..,..,..,..,..,..,..,30,..,..,..
Togo,TGO,"Malnourished children (stunting, -2SD) (% of children under 5): Q4",SH.STA.STNT.Q4.ZS,..,..,..,..,..,..,..,..,..,..,..,20.9,..,..,..
Togo,TGO,"Malnourished children (stunting, -2SD) (% of children under 5): Q5 (highest)",SH.STA.STNT.Q5.ZS,..,..,..,..,..,..,..,..,..,..,..,12.9,..,..,..
Tunisia,TUN,"Malnourished children (stunting, -2SD) (% of children under 5): Q1 (lowest)",SH.STA.STNT.Q1.ZS,..,..,..,..,..,..,..,..,..,..,..,..,..,15.6,..
Tunisia,TUN,"Malnourished children (stunting, -2SD) (% of children under 5): Q2",SH.STA.STNT.Q2.ZS,..,..,..,..,..,..,..,..,..,..,..,..,..,10.2,..
Tunisia,TUN,"Malnourished children (stunting, -2SD) (% of children under 5): Q3",SH.STA.STNT.Q3.ZS,..,..,..,..,..,..,..,..,..,..,..,..,..,7.5,..
Tunisia,TUN,"Malnourished children (stunting, -2SD) (% of children under 5): Q4",SH.STA.STNT.Q4.ZS,..,..,..,..,..,..,..,..,..,..,..,..,..,9.1,..
Tunisia,TUN,"Malnourished children (stunting, -2SD) (% of children under 5): Q5 (highest)",SH.STA.STNT.Q5.ZS,..,..,..,..,..,..,..,..,..,..,..,..,..,7.7,..
Uganda,UGA,"Malnourished children (stunting, -2SD) (% of children under 5): Q1 (lowest)",SH.STA.STNT.Q1.ZS,..,..,49.5,..,..,..,..,43.4,..,..,..,..,37.3,..,..
Uganda,UGA,"Malnourished children (stunting, -2SD) (% of children under 5): Q2",SH.STA.STNT.Q2.ZS,..,..,47.2,..,..,..,..,38,..,..,..,..,30.9,..,..
Uganda,UGA,"Malnourished children (stunting, -2SD) (% of children under 5): Q3",SH.STA.STNT.Q3.ZS,..,..,49.4,..,..,..,..,44.4,..,..,..,..,45,..,..
Uganda,UGA,"Malnourished children (stunting, -2SD) (% of children under 5): Q4",SH.STA.STNT.Q4.ZS,..,..,43.8,..,..,..,..,37.6,..,..,..,..,30.5,..,..
Uganda,UGA,"Malnourished children (stunting, -2SD) (% of children under 5): Q5 (highest)",SH.STA.STNT.Q5.ZS,..,..,29.2,..,..,..,..,24.3,..,..,..,..,20.8,..,..
Vietnam,VNM,"Malnourished children (stunting, -2SD) (% of children under 5): Q1 (lowest)",SH.STA.STNT.Q1.ZS,..,..,..,..,..,..,..,..,..,..,..,..,40.9,..,..
Vietnam,VNM,"Malnourished children (stunting, -2SD) (% of children under 5): Q2",SH.STA.STNT.Q2.ZS,..,..,..,..,..,..,..,..,..,..,..,..,24.2,..,..
Vietnam,VNM,"Malnourished children (stunting, -2SD) (% of children under 5): Q3",SH.STA.STNT.Q3.ZS,..,..,..,..,..,..,..,..,..,..,..,..,24.2,..,..
Vietnam,VNM,"Malnourished children (stunting, -2SD) (% of children under 5): Q4",SH.STA.STNT.Q4.ZS,..,..,..,..,..,..,..,..,..,..,..,..,15.6,..,..
Vietnam,VNM,"Malnourished children (stunting, -2SD) (% of children under 5): Q5 (highest)",SH.STA.STNT.Q5.ZS,..,..,..,..,..,..,..,..,..,..,..,..,6.1,..,..
West Bank and Gaza,WBG,"Malnourished children (stunting, -2SD) (% of children under 5): Q1 (lowest)",SH.STA.STNT.Q1.ZS,..,..,..,..,..,..,..,..,..,..,..,14.5,..,..,..
West Bank and Gaza,WBG,"Malnourished children (stunting, -2SD) (% of children under 5): Q2",SH.STA.STNT.Q2.ZS,..,..,..,..,..,..,..,..,..,..,..,10.7,..,..,..
West Bank and Gaza,WBG,"Malnourished children (stunting, -2SD) (% of children under 5): Q3",SH.STA.STNT.Q3.ZS,..,..,..,..,..,..,..,..,..,..,..,10,..,..,..
West Bank and Gaza,WBG,"Malnourished children (stunting, -2SD) (% of children under 5): Q4",SH.STA.STNT.Q4.ZS,..,..,..,..,..,..,..,..,..,..,..,9.5,..,..,..
West Bank and Gaza,WBG,"Malnourished children (stunting, -2SD) (% of children under 5): Q5 (highest)",SH.STA.STNT.Q5.ZS,..,..,..,..,..,..,..,..,..,..,..,8.4,..,..,..
Zambia,ZMB,"Malnourished children (stunting, -2SD) (% of children under 5): Q1 (lowest)",SH.STA.STNT.Q1.ZS,..,..,..,60.8,..,..,..,..,48,..,..,..,..,..,..
Zambia,ZMB,"Malnourished children (stunting, -2SD) (% of children under 5): Q2",SH.STA.STNT.Q2.ZS,..,..,..,58.5,..,..,..,..,50.9,..,..,..,..,..,..
Zambia,ZMB,"Malnourished children (stunting, -2SD) (% of children under 5): Q3",SH.STA.STNT.Q3.ZS,..,..,..,55.2,..,..,..,..,47.4,..,..,..,..,..,..
Zambia,ZMB,"Malnourished children (stunting, -2SD) (% of children under 5): Q4",SH.STA.STNT.Q4.ZS,..,..,..,47.5,..,..,..,..,42.1,..,..,..,..,..,..
Zambia,ZMB,"Malnourished children (stunting, -2SD) (% of children under 5): Q5 (highest)",SH.STA.STNT.Q5.ZS,..,..,..,34.2,..,..,..,..,33.2,..,..,..,..,..,..
Zimbabwe,ZWE,"Malnourished children (stunting, -2SD) (% of children under 5): Q1 (lowest)",SH.STA.STNT.Q1.ZS,40,..,..,..,..,..,..,37.4,..,..,39.6,..,36.8,..,..
Zimbabwe,ZWE,"Malnourished children (stunting, -2SD) (% of children under 5): Q2",SH.STA.STNT.Q2.ZS,31.9,..,..,..,..,..,..,38.8,..,..,37.7,..,32,..,..
Zimbabwe,ZWE,"Malnourished children (stunting, -2SD) (% of children under 5): Q3",SH.STA.STNT.Q3.ZS,37.4,..,..,..,..,..,..,34.9,..,..,35.5,..,35,..,..
Zimbabwe,ZWE,"Malnourished children (stunting, -2SD) (% of children under 5): Q4",SH.STA.STNT.Q4.ZS,31.2,..,..,..,..,..,..,31.6,..,..,35.2,..,28.6,..,..
Zimbabwe,ZWE,"Malnourished children (stunting, -2SD) (% of children under 5): Q5 (highest)",SH.STA.STNT.Q5.ZS,25,..,..,..,..,..,..,26.3,..,..,25.2,..,23.8,..,..
,,,,,,,,,,,,,,,,,,
,,,,,,,,,,,,,,,,,,
,,,,,,,,,,,,,,,,,,
Data from database: Health Nutrition and Population Statistics by Wealth Quintile,,,,,,,,,,,,,,,,,,
Last Updated: 12/16/2014,,,,,,,,,,,,,,,,,,
